LOT,WAFER,PRODUCT,WIP_MVIN_TIME,WIP_PU,ROUTENAME,STEPNAME,PARAMETER,SPEC_CLOW,SPEC_TARGET,SPEC_HIGH,AVERAGE,T_VALUE,B_VALUE,C_VALUE,R_VALUE,L_VALUE,WAT_STDEV,Average,Range,STDEV,M1,M2,M3,M4,M5,M6,M7,M8,M9,SPEC_CLOW,SPEC_HIGH,SPEC_TARGET,Head_Unit,HEAD_RPM,Innertube,Membrane,RetRing,Head_RPM_P2,Innertube_P2,Membrane_P2,Retring_P2,HEAD_RPM_P3,Innertube_P3,Membrane_P3,Retring_P3,EP_TIME1,EP_TIME2,EP_TIME3,CON1_HEAD_PRES,CON1_HEAD_RPM,CON2_HEAD_PRES,CON2_HEAD_RPM,CON3_HEAD_PRES,CON3_HEAD_RPM,Slurry1Flow,Headusage,Pad1_life,Pad2_life,Pad3_life,Condition_1,Condition_2,Condition_3,Moveout_Time
RRAP1,5,A1H035-C-AT,2023/1/1 5:23,CMP-5,CMPIMD1ROUTE,CMP1STEP,VTH,0,7.5,15,5,6,7,4,5,3,1.58114,7736,365,98.4825,7779,7498,7744,7733,7853,7755,7773,7773,7761,7863,9000,6400,2,3,4.5,5,32,2.41,3.75,4.856,28,2.9,3.9,4.9,31,21,16.5,30.2,23,20,21.3,16.5,11.7,19.3,20,765,57,45.3,45.3,44.2,44.2,30.2,2023/1/1 12:00,
RRAP1,4,A1H035-C-AT,2023/1/1 5:23,CMP-5,CMPIMD1ROUTE,CMP1STEP,VTH,0,7.5,15,5,6,7,4,5,3,1.58114,7736,365,98.4825,7779,7498,7744,7733,7853,7755,7773,7773,7761,7863,9000,6400,4,3,4.5,5,32,2.41,3.75,4.856,28,2.43,3.55,4.21,27,21,15,29.7,22,20,21.2,16.5,20.2,14.2,20,2567,57,45.3,45.3,44.2,44.2,30.2,2023/1/1 12:00,
RRAP1,3,A1H035-C-AT,2023/1/1 5:23,CMP-5,CMPIMD1ROUTE,CMP1STEP,VTH,0,7.5,15,5,6,7,4,5,3,1.58114,7736,365,98.4825,7779,7498,7744,7733,7853,7755,7773,7773,7761,7863,9000,6400,3,3,4,5,32,2.9,3.9,4.9,31,2.9,3.9,4.9,31,20,16,30.2,12,20,11.8,19.9,11.7,19.3,20,234,57,45.3,45.3,44.2,44.2,30.2,2023/1/1 12:00,
RRAP1,10,A1H035-C-AT,2023/1/1 5:23,CMP-5,CMPIMD1ROUTE,CMP1STEP,VTH,0,7.5,15,5,6,7,4,5,3,1.58114,7736,365,98.4825,7779,7498,7744,7733,7853,7755,7773,7773,7761,7863,9000,6400,1,3,4,5,32,2.9,3.9,4.9,31,2.9,3.9,4.9,31,20,19,30.5,10,20,9.9,19.9,9.3,19.3,20.1,1885,57,45.3,45.3,44.2,44.2,30.2,2023/1/1 12:00,
